<?xml version="1.0" encoding="UTF-8"?>
<beans xmlns="http://www.springframework.org/schema/beans"
	xmlns:xsi="http://www.w3.org/2001/XMLSchema-instance"
	xmlns:context="http://www.springframework.org/schema/context"
	xmlns:mvc="http://www.springframework.org/schema/mvc"
	xsi:schemaLocation="http://www.springframework.org/schema/mvc http://www.springframework.org/schema/mvc/spring-mvc-4.3.xsd
		http://www.springframework.org/schema/beans http://www.springframework.org/schema/beans/spring-beans.xsd
		http://www.springframework.org/schema/context http://www.springframework.org/schema/context/spring-context-4.3.xsd">

  <!-- 添加注解驱动  使用注解标注的类生效-->      
     

  <context:component-scan base-package="com.wang.controller" />    
    <!--o 自动扫描该包，使SpringMVC认为包下用了@controller注解的类是控制器 -->  
    <mvc:annotation-driven />
    <!-- 设置能访问静态资源 -->    
    <mvc:default-servlet-handler/>
    <!--扫描controller-->
  

    <!-- jsp page related... start -->
    <bean id="viewResolver"
        class="org.springframework.web.servlet.view.UrlBasedViewResolver">
        <property name="viewClass"
            value="org.springframework.web.servlet.view.JstlView" />
        <property name="prefix" value="/WEB-INF/jsp/" />
        <property name="suffix" value=".jsp" />
    </bean>
    
    <!-- jsp page related... end -->

    <!-- rest json related... start -->
    <bean id="mappingJacksonHttpMessageConverter"
        class="org.springframework.http.converter.json.MappingJackson2HttpMessageConverter">
        <property name="supportedMediaTypes">
            <list>
                <value>application/json;charset=UTF-8</value>
            </list>
        </property>
    </bean>

    <bean class="org.springframework.web.servlet.mvc.annotation.AnnotationMethodHandlerAdapter">
        <property name="messageConverters">
            <list>
                <ref bean="mappingJacksonHttpMessageConverter" />
            </list>
        </property>
    </bean>
    
    
    <!-- headimg -->
     <mvc:resources location="/headimg/" mapping="/headimg/**"/>
     <mvc:resources location="/image/" mapping="/image/**"/>
	<mvc:resources location="/js/" mapping="/js/**"/>
	<mvc:resources location="/css/" mapping="/css/**"/>
	<mvc:resources location="/uploads/" mapping="/uploads/**"/>
	<mvc:resources location="/filte/" mapping="/filte/**"/>
	<mvc:resources location="/myjs/" mapping="/myjs/**"/>
	<mvc:resources location="/newjs/" mapping="/newjs/**"/>
	<mvc:resources location="/newcss/" mapping="/newcss/**"/>
	<mvc:resources location="/img/" mapping="/img/**"/>
	
	<!-- 文件上传 -->
	<bean id="multipartResolver" class="org.springframework.web.multipart.commons.CommonsMultipartResolver">
	<property name="maxUploadSize" value="50485760"/>
	</bean>
    
    <!-- rest json related... end -->
</beans>
