<?xml version="1.0" encoding="UTF-8"?>
<beans xmlns="http://www.springframework.org/schema/beans"
	xmlns:xsi="http://www.w3.org/2001/XMLSchema-instance"
	xsi:schemaLocation="http://www.springframework.org/schema/beans http://www.springframework.org/schema/beans/spring-beans.xsd">
<!-- redis config start -->
    <!-- 配置JedisPoolConfig实例 -->
    <bean id="poolConfig" class="redis.clients.jedis.JedisPoolConfig">
        <property name="maxIdle" value="300" />
        <property name="maxTotal" value="600" />
        <property name="maxWaitMillis" value="1000" />
        <property name="testOnBorrow" value="true" />
    </bean>

    <!-- 配置JedisConnectionFactory -->
    <bean id="jedisConnectionFactory"
        class="org.springframework.data.redis.connection.jedis.JedisConnectionFactory">
        <property name="hostName" value="127.0.0.1" />
        <property name="port" value="6379" />
        <!-- <property name="password" value="${redis.pass}" /> -->
        <property name="database" value="0" />
        <property name="poolConfig" ref="poolConfig" />
    </bean>

	<bean id="stringRedisSerializer" class="org.springframework.data.redis.serializer.StringRedisSerializer"/>

    <!-- 配置RedisTemplate -->
    <bean id="redisTemplate" class="org.springframework.data.redis.core.RedisTemplate">
        <property name="connectionFactory" ref="jedisConnectionFactory" />
        <property name="hashKeySerializer" ref="stringRedisSerializer"/>
        <property name="keySerializer" ref="stringRedisSerializer"/>
    </bean>

    <!-- 配置RedisCacheManager -->
    <bean id="redisCacheManager" class="org.springframework.data.redis.cache.RedisCacheManager">
        <constructor-arg name="redisOperations" ref="redisTemplate" />
        <property name="defaultExpiration" value="3000" />
        <!-- 配置缓存区间 -->
        <property name="cacheNames">
        	<list>
        		<value>aboutUser</value>
        	</list>
        </property>
    </bean>

	<!-- 配置RedisCacheConfig -->
	 <bean id="redisCacheConfig" class="com.wang.service.impl.redis.RedisCacheConfig">
		<constructor-arg ref="jedisConnectionFactory"/>
		<constructor-arg ref="redisTemplate"/>
		<constructor-arg ref="redisCacheManager"/>
	</bean>

 <!-- 对string操作的封装 -->
    <bean id="stringRedisTemplate" class="org.springframework.data.redis.core.StringRedisTemplate">
        <constructor-arg ref="jedisConnectionFactory" />
            <!-- 开启REIDS事务支持 -->  
         <property name="enableTransactionSupport" value="false" />
         </bean>
 
</beans>
