<?xml version="1.0" encoding="UTF-8" ?>
<!DOCTYPE mapper PUBLIC "-//mybatis.org//DTD Mapper 3.0//EN" "http://mybatis.org/dtd/mybatis-3-mapper.dtd" >
<mapper namespace="com.wang.dao.Address_tableDao" >
  <resultMap id="BaseResultMap" type="com.wang.pojo.Address_table" >
  
    <id column="address_id" property="address_id" jdbcType="INTEGER" />
    <result column="address_name" property="address_name" jdbcType="VARCHAR" />
     <result column="address_content" property="address_content" jdbcType="LONGVARCHAR" />
    <result column="phone" property="phone" jdbcType="VARCHAR" />
    <result column="address_time" property="address_time" jdbcType="VARCHAR" />
     <result column="username" property="username"   jdbcType="VARCHAR" />
     
       <!-- 需要给一个字段定值id保持注册表的id
  		进行关联
  		
   -->
  </resultMap>
  

  <sql id="Base_Column_List" >
    
    address_id, address_name, address_content,phone, address_time, username
  </sql>
 
  <select id="selectByAddress_table_ALL" resultType="com.wang.pojo.Address_table" >
   
    select
    <include refid="Base_Column_List" />
    from address_table
   
  </select>
  <!-- 根据id -->
   <select id="selectByAddress_table_Id"  resultMap="BaseResultMap" parameterType="java.lang.Integer">
   
    select
    <include refid="Base_Column_List" />
    from address_table where address_id=#{address_id,jdbcType=INTEGER}
   
  </select>
  
  <!-- 根据id -->
   <select id="selectByAddress_table_UserNAme"  resultMap="BaseResultMap" parameterType="String">
   
    select
    <include refid="Base_Column_List" />
    from address_table where username=#{username,jdbcType=VARCHAR}
   
  </select>
  <!-- 模糊查询 -->
  <select id="selectByPrimaryKey" resultType="com.wang.pojo.Address_table" parameterType="String" >
    
    select 
    <include refid="Base_Column_List" />
    from address_table
    where 
   username like '%' #{username} '%'
  </select>
  
  
  
  <!-- 单个删除 -->
  <delete id="deleteByPrimaryKey" parameterType="com.wang.pojo.Address_table" >
   
    delete from address_table
    where address_id = #{address_id,jdbcType=INTEGER}
  </delete>
  
  
  <!-- 批量删除 -->
  <delete id="DeleteAll_IDS_Chexbox" parameterType="java.lang.String">
    delete from address_table where id in
  <foreach item="id" collection="array" index="no" open="(" separator="," close=")">
  #{id}
  </foreach>
  </delete>
  
  
  <insert id="insertAdresss_table" parameterType="com.wang.pojo.Address_table" >
   
    insert into address_table ( address_name, address_content,phone, 
      address_time,username
      )
    values ( #{address_name,jdbcType=VARCHAR}, 
    #{address_content,jdbcType=LONGVARCHAR},
    	#{phone,jdbcType=VARCHAR}, 
      #{address_time,jdbcType=VARCHAR}, 
      #{username,jdbcType=VARCHAR}
      )
  </insert>
  <insert id="insertSelectiveAddress" parameterType="com.wang.pojo.Address_table" >
  
    insert into address_table
    <trim prefix="(" suffix=")" suffixOverrides="," >
      <if test="address_name != null" >
        address_name,
      </if>
      <if test="address_content != null" >
        address_content,
      </if>
      <if test="phone != null" >
        phone,
      </if>
     
       <if test="address_time != null" >
        address_time,
      </if>
      <if test="username != null" >
        username,
      </if>
    </trim>
    <trim prefix="values (" suffix=")" suffixOverrides="," >
     
      <if test="address_name != null" >
        #{address_name,jdbcType=VARCHAR},
      </if>
      <if test="address_content != null" >
        #{address_content,jdbcType=LONGVARCHAR},
      </if>
      <if test="phone != null" >
        #{phone,jdbcType=VARCHAR},
      </if>
      <if test="address_time != null" >
        #{address_time,jdbcType=VARCHAR},
      </if>
      <if test="username != null" >
        #{username,jdbcType=VARCHAR},
      </if>      
    </trim>
  </insert>
  <!-- 
  查询自己有多少个地址
   -->
  <select id="countByExample" parameterType="String" resultType="java.lang.Integer" >
    select count(*) from address_table where username= #{username,jdbcType=VARCHAR}
  </select>

  <!-- 
  查询自己有多少个地址
   -->
  <select id="CountComment"  resultType="java.lang.Integer" >
    select count(*) from address_table  
  </select>

 <!-- 修改自己的地址 -->
  <update id="updateByPrimaryKeySelective" parameterType="com.wang.pojo.Address_table" >
    update address_table
    <set >
      <if test="address_name != null" >
        address_name = #{address_name,jdbcType=VARCHAR},
      </if>
      <if test="address_content != null" >
        address_content = #{address_content,jdbcType=LONGVARCHAR},
      </if>
       <if test="phone != null" >
        phone = #{phone,jdbcType=VARCHAR},
      </if>
       <if test="address_time != null" >
        address_time = #{address_time,jdbcType=VARCHAR}
      </if>
     
    </set>
    where address_id = #{address_id,jdbcType=INTEGER}
  </update>
  <!--  -->
  <update id="updateByPrimars3" parameterType="com.wang.pojo.Address_table" >
   
    update address_table
    set address_name = #{address_name,jdbcType=VARCHAR},
      address_content = #{address_content,jdbcType=LONGVARCHAR},
      phone = #{phone,jdbcType=VARCHAR},
      address_time = #{address_time,jdbcType=LONGVARCHAR},
      username= #{username,jdbcType=LONGVARCHAR}
    where address_id = #{address_id,jdbcType=INTEGER}
  </update>
  
</mapper>