<?xml version="1.0" encoding="UTF-8" ?>
<!DOCTYPE mapper PUBLIC "-//mybatis.org//DTD Mapper 3.0//EN" "http://mybatis.org/dtd/mybatis-3-mapper.dtd" >
<mapper namespace="com.wang.dao.Adve_tableDao" >
  <resultMap id="adve_map" type="com.wang.pojo.Adve_table" >
  
    <id column="adve_id" property="adve_id" jdbcType="INTEGER" />
    <result column="adve_title" property="adve_title" jdbcType="VARCHAR" />
      <result column="adve_image" property="adve_image" jdbcType="LONGVARCHAR" />
    <result column="adve_describe" property="adve_describe" jdbcType="VARCHAR" />
    <result column="adve_content" property="adve_content" jdbcType="LONGVARCHAR" />
    <result column="adve_time" property="adve_time" jdbcType="VARCHAR" />
    <result column="adve_count" property="adve_count" jdbcType="INTEGER" />
    
   
   
  </resultMap>
 

  <sql id="Base_Column_List" >
   
    adve_id, adve_title,adve_image, adve_describe,adve_content, adve_time, adve_count
  </sql>
  
  <select id="selectAdve_atbleAll"  resultType="com.wang.pojo.Adve_table"> 
    select
  *
  from adve_table
   
  </select>
 
  <select id="selectadve_tableById" resultMap="adve_map" parameterType="java.lang.Integer" >
   
    select 
   	*
    from adve_table
    where adve_id = #{adve_id,jdbcType=INTEGER}
  </select>
  
  <!-- 单个删除 -->
  <delete id="deleteAdVeBKey" parameterType="java.lang.Integer" >
  
    delete from adve_table
    where adve_id = #{adve_id,jdbcType=INTEGER}
  </delete>
  
  
  
  <!-- 批量删除 -->
  <delete id="DeleteAll_IDS_Chexbox_Adve_table" parameterType="java.lang.String">
    delete from adve_table where adve_id in
  <foreach item="adve_id" collection="array" index="no" open="(" separator="," close=")">
  #{adve_id}
  </foreach>
  </delete>
  
  <!-- 单个删除 -->
  <delete id="deleteAdve_tablrBYID" parameterType="com.wang.pojo.Adve_table" >
  
    delete from adve_table where adve_id=#{adve_id}
  </delete>
  
  
  <insert id="insertAdve_table" parameterType="com.wang.pojo.Adve_table" >
 
    insert into adve_table (adve_title,adve_image,
    adve_describe, 
      adve_content, 
      adve_time, adve_count
     )
    values (
     #{adve_title,jdbcType=VARCHAR}, 
      #{adve_image,jdbcType=LONGVARCHAR}, 
     #{adve_describe,jdbcType=VARCHAR}, 
      #{adve_content,jdbcType=LONGVARCHAR},
      #{adve_time,jdbcType=VARCHAR}, 
      #{adve_count,jdbcType=INTEGER}
     )
  </insert>
 
  <select id="countadve_tabkle" parameterType="com.wang.pojo.Adve_table" resultType="java.lang.Integer" >
  
    select count(*) from adve_table
  
  </select>
 

 
  <update id="updateBYIdSQL" parameterType="com.wang.pojo.Adve_table" >
    
    update adve_table
    <set >
      <if test="adve_title != null" >
        adve_title = #{adve_title,jdbcType=VARCHAR},
      </if>
        <if test="adve_image != null" >
        adve_image = #{adve_image,jdbcType=LONGVARCHAR},
      </if>
      <if test="adve_describe != null" >
        adve_describe = #{adve_describe,jdbcType=VARCHAR},
      </if>
        <if test="adve_content != null" >
        adve_content = #{adve_content,jdbcType=LONGVARCHAR},
      </if>
      <if test="adve_time != null" >
        adve_time = #{adve_time,jdbcType=VARCHAR},
      </if>
      <if test="adve_count != null" >
        adve_count = #{adve_count,jdbcType=INTEGER},
      </if>
    
    
    </set>
    where adve_id = #{adveId,jdbcType=INTEGER}
  </update>
  <update id="updatesAdve_TableId" parameterType="com.wang.pojo.Adve_table" >
   
    update adve_table
    set adve_title = #{adve_title,jdbcType=VARCHAR},
     adve_image = #{adve_image,jdbcType=LONGVARCHAR},
      adve_describe = #{adve_describe,jdbcType=VARCHAR},  
       adve_content = #{adve_content,jdbcType=LONGVARCHAR},
       adve_time = #{adve_time,jdbcType=VARCHAR},
      adve_count = #{adve_count,jdbcType=INTEGER}
    where adve_id = #{adve_id,jdbcType=INTEGER}
  </update>
 
</mapper>