<?xml version="1.0" encoding="UTF-8" ?>
<!DOCTYPE mapper PUBLIC "-//mybatis.org//DTD Mapper 3.0//EN" "http://mybatis.org/dtd/mybatis-3-mapper.dtd" >
<mapper namespace="com.wang.dao.Cart_TableDao" >
  <resultMap id="BaseResultMap" type="com.wang.pojo.Cart_table" >
    
    <id column="id" property="id" jdbcType="INTEGER" />
    <result column="username" property="username" jdbcType="VARCHAR" />
    <result column="comm_name" property="comm_name" jdbcType="VARCHAR" />
     <result column="imagecart" property="imagecart" jdbcType="LONGVARCHAR" />
    <result column="count" property="count" jdbcType="INTEGER" />
    <result column="price" property="price" jdbcType="DOUBLE" />
     <result column="details" property="details" jdbcType="LONGVARCHAR" />
  </resultMap>
 
  <sql id="Base_Column_List" >
   
    id, username, comm_name,imagecart, count, price,details
  </sql>


 
 
  <select id="selectCart_tableById" resultMap="BaseResultMap" parameterType="java.lang.Integer" >
   
    select 
    <include refid="Base_Column_List" />
   
    from cart_table
    where id = #{id,jdbcType=INTEGER}
  </select>
  
  <!-- 
	根据字段username
	模糊查询
	 -->
	<select id="findeNameCart_table" parameterType="String" resultType="com.wang.pojo.Cart_table">
	select 
	 <include refid="Base_Column_List" />
	from cart_table 
	where username like '%' #{username} '%'
	</select>
  
  <!-- 单个删除 -->
  <delete id="deleteByCart_tableId" parameterType="java.lang.Integer" >
    
    delete from cart_table
    where id = #{id,jdbcType=INTEGER}
  </delete>
  
    <!-- 
    批量删除 
    -->
  <delete id="deleteByCart_tableIDS" parameterType="java.lang.String">
    delete from cart_table where id in
  <foreach item="id" collection="array" index="no" open="(" separator="," close=")">
  #{id}
  </foreach>
  </delete>
  
  
  
  <insert id="insert_Cart_table" parameterType="com.wang.pojo.Cart_table" >
    
    insert into cart_table (username, comm_name, imagecart,
      count, price,  
      details)
    values (#{username,jdbcType=VARCHAR}, #{comm_name,jdbcType=VARCHAR}, 
     #{imagecart,jdbcType=LONGVARCHAR}, 
      #{count,jdbcType=INTEGER}, #{price,jdbcType=DOUBLE},
      #{details,jdbcType=LONGVARCHAR})
  </insert>
  <insert id="insertCart_table" parameterType="com.wang.pojo.Cart_table" >
  
    insert into cart_table
    <trim prefix="(" suffix=")" suffixOverrides="," >
     
      <if test="username != null" >
        username,
      </if>
      <if test="comm_name != null" >
        comm_name,
      </if>
        <if test="imagecart != null" >
        imagecart,
      </if>
      <if test="count != null" >
        count,
      </if>
      <if test="price != null" >
        price,
      </if>
      <if test="details != null" >
        details,
      </if>
    </trim>
    <trim prefix="values (" suffix=")" suffixOverrides="," >
      
      <if test="username != null" >
        #{username,jdbcType=VARCHAR},
      </if>
      <if test="comm_name != null" >
        #{comm_name,jdbcType=VARCHAR},
      </if>
       <if test="imagecart != null" >
        #{imagecart,jdbcType=LONGVARCHAR},
      </if>
      <if test="count != null" >
        #{count,jdbcType=INTEGER},
      </if>
      <if test="price != null" >
        #{price,jdbcType=DOUBLE},
      </if>
      <if test="details != null" >
        #{details,jdbcType=LONGVARCHAR},
      </if>
    </trim>
  </insert>
  
  <!-- 查自己购物车的数量 -->
  <select id="countCart_table" parameterType="String" resultType="java.lang.Integer" >
   
   
    select count(*) from cart_table where username=#{username}
    
  </select>
 <!--修改数量 -->
  <update id="updateCart_table" parameterType="com.wang.pojo.Cart_table" >
   
    update cart_table
    set
      count = #{count,jdbcType=INTEGER},
      price = #{price,jdbcType=DOUBLE}
    where id = #{id,jdbcType=INTEGER}
  </update>
 
</mapper>