<?xml version="1.0" encoding="UTF-8" ?>
<!DOCTYPE mapper PUBLIC "-//mybatis.org//DTD Mapper 3.0//EN" "http://mybatis.org/dtd/mybatis-3-mapper.dtd" >
<mapper namespace="com.wang.dao.Commodity_tableDao" >
  <resultMap id="BaseResultMap" type="com.wang.pojo.Commodity_table" >
    
    <id column="id" property="id" jdbcType="INTEGER" />
    <result column="title" property="title" jdbcType="VARCHAR" />
    <result column="name" property="name" jdbcType="VARCHAR" />
    <result column="count" property="count" jdbcType="INTEGER" />
    <result column="price" property="price" jdbcType="DOUBLE" />
    <result column="image1" property="image1" jdbcType="LONGVARCHAR" />
    <result column="image2" property="image2" jdbcType="LONGVARCHAR" />
   
    <result column="origin" property="origin" jdbcType="VARCHAR" />
    <result column="details" property="details" jdbcType="LONGVARCHAR" />
    <result column="time" property="time" jdbcType="VARCHAR" />
     <result column="commoditycount" property="commoditycount" jdbcType="INTEGER" />
  </resultMap>
	
	<!-- 
	一对多的resultmap
	
	 -->
	<!-- <resultMap id="BaseResultMapOneByAll" type="com.wang.pojo.Commodity_table" >
    
    <id column="id" property="id" jdbcType="INTEGER" />
    <result column="title" property="title" jdbcType="VARCHAR" />
    <result column="name" property="name" jdbcType="VARCHAR" />
    <result column="count" property="count" jdbcType="INTEGER" />
    <result column="price" property="price" jdbcType="DOUBLE" />
    <result column="image1" property="image1" jdbcType="LONGVARCHAR" />
    <result column="image2" property="image2" jdbcType="LONGVARCHAR" />
    <result column="image3" property="image3" jdbcType="LONGVARCHAR" />
    <result column="image4" property="image4" jdbcType="LONGVARCHAR" />
    <result column="origin" property="origin" jdbcType="VARCHAR" />
    <result column="details" property="details" jdbcType="LONGVARCHAR" />
    <result column="time" property="time" jdbcType="VARCHAR" />
     <result column="commoditycount" property="commoditycount" jdbcType="INTEGER" />
  </resultMap>
	
	<select id="selectBYComm_tableList" resultMap="BaseResultMapOneByAll">
	
	</select> -->
 
  <sql id="Base_Column_List" >
   
    id, title, name, count, price,image1, image2,origin, details,time,commoditycount
  </sql>
  
  <select id="selectListComm_table" resultType="com.wang.pojo.Commodity_table" >
  
    select
    <include refid="Base_Column_List" />
    from commodity_table
  </select>
  
  
    <select id="selectListComm_tableName" resultType="String" >
  
    select
   title
    from commodity_table
  </select>
  <!-- 
  用标题进行分类
  模糊查询
   -->
  <select id="selectListComm_tableTitle" parameterType="String" resultType="com.wang.pojo.Commodity_table">
	select 
	<include refid="Base_Column_List" />
	from commodity_table 
	where 
	title like '%' #{title} '%'
	</select>
  
  <select id="selectComm_atbleKeyById" resultMap="BaseResultMap" parameterType="java.lang.Integer" >
    
    select 
    <include refid="Base_Column_List" />
    from commodity_table
    where id = #{id,jdbcType=INTEGER}
  </select>
  
  
   <select id="selectComm_atbleKeyByName" resultMap="BaseResultMap" parameterType="String" >
    
    select 
    <include refid="Base_Column_List" />
    from commodity_table
    where name = #{name,jdbcType=INTEGER}
  </select>
	<!-- 根据id删除 -->
 <delete id="deleteByPrimaryKeyID" parameterType="java.lang.Integer" >
  
    delete from commodity_table
    where id = #{id,jdbcType=INTEGER}
  </delete>
  
  
       <!-- 
    批量删除 
    -->
  <delete id="deleteCommodity_tableIds" parameterType="java.lang.String">
    delete from commodity_table where id in
  <foreach item="id" collection="array" index="no" open="(" separator="," close=")">
  #{id}
  </foreach>
  </delete>
  
  
 <!-- 
 添加一个商品 
 -->
  <insert id="insertCommont_table" parameterType="com.wang.pojo.Commodity_table" >
   
    insert into commodity_table (
    title, name, count, price,
    image1, image2,
    origin, details,time,commoditycount
      )
    values (
    #{title,jdbcType=VARCHAR},
     #{name,jdbcType=VARCHAR}, 
      #{count,jdbcType=INTEGER},
       #{price,jdbcType=DOUBLE}, 
    
       #{image1,jdbcType=LONGVARCHAR},
       #{image2,jdbcType=LONGVARCHAR}, 
      #{origin,jdbcType=VARCHAR},
      #{details,jdbcType=LONGVARCHAR},
      #{time,jdbcType=VARCHAR},
      #{commoditycount,jdbcType=INTEGER}
      )
  </insert>
  <!-- 添加商品SQL -->
  <insert id="insertSelectiveComm_table" parameterType="com.wang.pojo.Commodity_table" >
  
    insert into commodity_table
    <trim prefix="(" suffix=")" suffixOverrides="," >
      
      <if test="title != null" >
        title,
      </if>
      <if test="name != null" >
        name,
      </if>
      <if test="count != null" >
        count,
      </if>
      <if test="price != null" >
        price,
      </if>
      <if test="image1 != null" >
        image1,
      </if>
      <if test="image2 != null" >
        image2,
      </if>
      
      <if test="origin != null" >
        origin,
      </if>
      <if test="details != null" >
        details,
      </if>
      <if test="time != null" >
        time,
      </if>
        <if test="commoditycount != null" >
        commoditycount,
      </if>
    </trim>
    <trim prefix="values (" suffix=")" suffixOverrides="," >
      <if test="title != null" >
        #{title,jdbcType=VARCHAR},
      </if>
      <if test="name != null" >
        #{name,jdbcType=VARCHAR},
      </if>
      <if test="count != null" >
        #{count,jdbcType=INTEGER},
      </if>
      <if test="price != null" >
        #{price,jdbcType=DOUBLE},
      </if>
     
     
      <if test="image1 != null" >
        #{image1,jdbcType=LONGVARCHAR},
      </if>
      <if test="image2 != null" >
        #{image2,jdbcType=LONGVARCHAR},
      </if>
    
       <if test="origin != null" >
        #{origin,jdbcType=VARCHAR},
      </if>
      <if test="details != null" >
        #{details,jdbcType=LONGVARCHAR},
      </if>
      <if test="time != null" >
        #{time,jdbcType=LONGVARCHAR},
      </if>
       <if test="commoditycount != null" >
        #{commoditycount,jdbcType=LONGVARCHAR},
      </if>
    </trim>
  </insert>
  <!-- 用redis存库存
  	数量用MQ访问数据库
   -->
  <select id="countByExample" parameterType="com.wang.pojo.Commodity_table" resultType="java.lang.Integer" >
   
    select count from commodity_table where id=#{id}
   
  </select>
 
 <!-- 查总数 -->
  <select id="CountAllComment"  resultType="java.lang.Integer" >
   
    select count(*) from commodity_table
   
  </select>
  <update id="updateBySQlSelective" parameterType="com.wang.pojo.Commodity_table" >
    update commodity_table
    <set >
      <if test="title != null" >
        title = #{title,jdbcType=VARCHAR},
      </if>
      <if test="name != null" >
        name = #{name,jdbcType=VARCHAR},
      </if>
      <if test="count != null" >
        count = #{count,jdbcType=INTEGER},
      </if>
      <if test="price != null" >
        price = #{price,jdbcType=DOUBLE},
      </if>
      
      <if test="time != null" >
        time = #{time,jdbcType=VARCHAR},
      </if>
      <if test="image1 != null" >
        image1 = #{image1,jdbcType=LONGVARCHAR},
      </if>
      <if test="image2 != null" >
        image2 = #{image2,jdbcType=LONGVARCHAR},
      </if>
     
      <if test="origin != null" >
        origin = #{origin,jdbcType=VARCHAR},
      </if>
      <if test="details != null" >
        details = #{details,jdbcType=LONGVARCHAR},
      </if>
    </set>
    where id = #{id,jdbcType=INTEGER}
  </update>
  <!-- 修改大部分 -->
  <update id="updateComm_tableKeyAll" parameterType="com.wang.pojo.Commodity_table" >
   
    update commodity_table
    set title = #{title,jdbcType=VARCHAR},
      name = #{name,jdbcType=VARCHAR},
      count = #{count,jdbcType=INTEGER},
      price = #{price,jdbcType=DOUBLE},
      
      time = #{time,jdbcType=VARCHAR},
      image1 = #{image1,jdbcType=LONGVARCHAR},
      image2 = #{image2,jdbcType=LONGVARCHAR},
     
      origin = #{origin,jdbcType=VARCHAR},
      details = #{details,jdbcType=LONGVARCHAR}
    where id = #{id,jdbcType=INTEGER}
  </update>
  <!-- 购买库存减 -->
  <update id="updateByPrimaryKeyId" parameterType="com.wang.pojo.Commodity_table" >
   
    update commodity_table
    set count=#{count,jdbcType=INTEGER}
    where id = #{id,jdbcType=INTEGER}
  </update>
  
   <!-- 根据商品购买库存减1 -->
  <update id="updateByPrimaryKeyNameCountAuto" parameterType="com.wang.pojo.Commodity_table" >
   
    update commodity_table
    set count=count-1
    where name= #{name,jdbcType=VARCHAR}
  </update>
  
   <!-- 访问量累加 -->
  <update id="updateCommCountKeyId" parameterType="com.wang.pojo.Commodity_table" >
   
    update commodity_table
    set commoditycount=commoditycount+1
    where  title=#{title,jdbcType=VARCHAR}
  </update>
</mapper>