<?xml version="1.0" encoding="UTF-8" ?>
<!DOCTYPE mapper PUBLIC "-//mybatis.org//DTD Mapper 3.0//EN" "http://mybatis.org/dtd/mybatis-3-mapper.dtd" >
<mapper namespace="com.wang.dao.Comment_tableDao" >
  <resultMap id="BaseResultMap" type="com.wang.pojo.Comment_table" >
    <id column="cid" property="cid" jdbcType="INTEGER" />
    <result column="name" property="name" jdbcType="VARCHAR" />
     <result column="content" property="content" jdbcType="LONGVARCHAR" />
    <result column="praise" property="praise" jdbcType="INTEGER" />
    <result column="username" property="username" jdbcType="VARCHAR" />
    <result column="date" property="date" jdbcType="VARCHAR" />
  </resultMap>
  
  
  <sql id="Base_Column_List" >
    cid, name, content, praise, username, date
  </sql>
   
 <!--返回list
 根据商品查询评论的数据
   -->
  <select id="selectByComment_table" resultType="com.wang.pojo.Comment_table" parameterType="com.wang.pojo.Comment_table">
    select
    <include refid="Base_Column_List" />
    from comment_table 
    where name= #{name,jdbcType=VARCHAR}
     
  </select>
   <!--返回list
 根据用户名查询评论的数据
 
   -->
  <select id="selectBymyselListComment_table" resultType="com.wang.pojo.Comment_table" parameterType="com.wang.pojo.Comment_table">
    select
    <include refid="Base_Column_List" />
    from comment_table 
    where username= #{username,jdbcType=VARCHAR}
     
  </select>
  <select id="selectByComment_tableID" resultMap="BaseResultMap" parameterType="java.lang.Integer" >
    select 
    <include refid="Base_Column_List" />
    
     
    from comment_table
    where cid = #{cid,jdbcType=INTEGER}
  </select>
  
  <!--删除
    -->
  <delete id="deleteByComment_table" parameterType="java.lang.Integer" >
    delete from comment_table
    where cid= #{cid,jdbcType=INTEGER}
  </delete>
  
     <!-- 
    批量删除 
    -->
  <delete id="deleteComment_tableIds" parameterType="java.lang.String">
    delete from comment_table where cid in
  <foreach item="cid" collection="array" index="no" open="(" separator="," close=")">
  #{cid}
  </foreach>
  </delete>
 
  <insert id="insertComment_table" parameterType="com.wang.pojo.Comment_table" >
    insert into comment_table (name,content, praise, 
      username, date
      )
    values (
    #{name,jdbcType=VARCHAR},
     #{content,jdbcType=LONGVARCHAR},
     #{praise,jdbcType=INTEGER}, 
      #{username,jdbcType=VARCHAR}, 
      #{date,jdbcType=VARCHAR}
      )
  </insert>
  <!-- 插入一条 -->
  <insert id="insertSQLComment_table" parameterType="com.wang.pojo.Comment_table" >
    insert into comment_table
    <trim prefix="(" suffix=")" suffixOverrides="," >
     
      <if test="name != null" >
        name,
      </if>
        <if test="content != null" >
        content,
      </if>
      <if test="praise != null" >
        praise,
      </if>
      <if test="username != null" >
        username,
      </if>
      <if test="date != null" >
        date,
      </if>
     
    </trim>
    <trim prefix="values (" suffix=")" suffixOverrides="," >
      
      <if test="name != null" >
        #{name,jdbcType=VARCHAR},
      </if>
      <if test="content != null" >
        #{content,jdbcType=LONGVARCHAR},
      </if>
      <if test="praise != null" >
        #{praise,jdbcType=INTEGER},
      </if>
      <if test="username != null" >
        #{username,jdbcType=VARCHAR},
      </if>
      <if test="date != null" >
        #{date,jdbcType=VARCHAR},
      </if>
       
    </trim>
  </insert>
  
  <!-- 查询商品的评论数次
  
   -->
  <select id="Comment_tablecount" parameterType="String" resultType="java.lang.Integer" >
    select count(*) from comment_table where name=#{name,jdbcType=VARCHAR}
  
  </select>
  
 
    <!-- 
    点赞设置
     -->
  <update id="updatePraiseComment_table" parameterType="com.wang.pojo.Comment_table" >
    update comment_table
    set 
      praise=praise+ #{praise,jdbcType=INTEGER}
    where cid = #{cid,jdbcType=INTEGER}
  </update>
</mapper>