<?xml version="1.0" encoding="UTF-8"?>
<!DOCTYPE mapper PUBLIC "-//mybatis.org//DTD Mapper 3.0//EN" "http://mybatis.org/dtd/mybatis-3-mapper.dtd" >
<mapper namespace="com.wang.dao.Main_tableDao" >
  <resultMap id="BaseResultMap" type="com.wang.pojo.Main_table" >
    <id column="main_id" property="main_id" jdbcType="INTEGER" />
    <result column="main_title" property="main_title" jdbcType="VARCHAR" />
    <result column="main_content" property="main_content" jdbcType="LONGVARCHAR" />
    <result column="main_access" property="main_access" jdbcType="INTEGER" />
    <result column="main_image" property="main_image" jdbcType="LONGVARCHAR" />
    <result column="main_time" property="main_time" jdbcType="VARCHAR" />
  </resultMap>
  
  <sql id="Base_Column_List" >
    main_id,main_title,main_content,main_access,main_image,main_time
  </sql>
  
  	<!-- 
  	查询
  	 -->
  <select id="selectByMain_table" resultType="com.wang.pojo.Main_table" >
   
     select
    <include refid="Base_Column_List"/>
    from main_table
  
  </select>
  <!-- 根据id查 -->
  <select id="selectByMain_tableKey" resultMap="BaseResultMap" parameterType="java.lang.Integer" >
    select 
    <include refid="Base_Column_List" />
   
    from main_table
    where main_id = #{main_id,jdbcType=INTEGER}
  </select>
  
  <!-- 查总数 -->
   <select id="selectcountByMain_table" parameterType="com.wang.pojo.Main_table" resultType="java.lang.Integer" >
    select count(*) from main_table
  </select>
  
  <!-- 
  		插入
   -->
  <insert id="insertMain_tabledao" parameterType="com.wang.pojo.Main_table" >
    
    insert into main_table (main_title, main_content,
     main_access, 
      main_image,
      main_time
      )
    values (#{main_title,jdbcType=VARCHAR}, 
     #{main_content,jdbcType=LONGVARCHAR}, 
    #{main_access,jdbcType=INTEGER},  
      #{main_image,jdbcType=LONGVARCHAR},
       #{main_time,jdbcType=VARCHAR}
      )
  </insert>
  <insert id="insertMain_tableSelective" parameterType="com.wang.pojo.Main_table" >
   
    insert into main_table
    <trim prefix="(" suffix=")" suffixOverrides="," >
     
      <if test="main_title != null" >
        main_title,
      </if>
      <if test="main_content != null" >
        main_content,
      </if>
      <if test="main_access != null" >
        main_access,
      </if>
     
      
      <if test="main_image != null" >
        main_image,
      </if>
       <if test="main_time != null" >
        main_time,
      </if>
    </trim>
    <trim prefix="values (" suffix=")" suffixOverrides="," >  
      <if test="main_title != null" >
        #{main_title,jdbcType=VARCHAR},
      </if>
       <if test="main_content != null" >
        #{main_content,jdbcType=LONGVARCHAR},
      </if>
      <if test="main_access != null" >
        #{main_access,jdbcType=INTEGER},
      </if>
     
      <if test="main_image != null" >
        #{main_image,jdbcType=LONGVARCHAR},
      </if>
       <if test="main_time != null" >
        #{main_time,jdbcType=VARCHAR},
      </if>
     
    </trim>
  </insert>
  
  
  <!--
  	 更改
   -->
   <update id="updateByKeySelective5" parameterType="com.wang.pojo.Main_table" >
    update main_table
    <set >
      <if test="main_title != null" >
        main_title = #{main_title,jdbcType=VARCHAR},
      </if>
       <if test="main_content != null" >
        main_content = #{main_content,jdbcType=LONGVARCHAR},
      </if>
      <if test="main_access != null" >
        main_access = #{main_access,jdbcType=INTEGER},
      </if>
     
      <if test="main_image != null" >
        main_image = #{main_image,jdbcType=LONGVARCHAR},
      </if>
       <if test="main_time != null" >
        main_time = #{main_time,jdbcType=VARCHAR}
      </if>
     
    </set>
    where main_id = #{main_id,jdbcType=INTEGER}
  </update>
  <update id="UpdateMain_table5" parameterType="com.wang.pojo.Main_table">
   
    update main_table
    set main_title = #{main_title,jdbcType=VARCHAR},
     main_content = #{main_content,jdbcType=LONGVARCHAR},
      main_access = #{main_access,jdbcType=INTEGER},
      main_image = #{main_image,jdbcType=LONGVARCHAR},
      main_time = #{main_time,jdbcType=VARCHAR}
    where main_id = #{main_id,jdbcType=INTEGER}
  </update>
  <update id="updateByPrimaryKey3" parameterType="com.wang.pojo.Main_table" >
    
    update main_table
    set main_title = #{main_title,jdbcType=VARCHAR},
      main_access = #{main_access,jdbcType=INTEGER},
      main_time = #{main_time,jdbcType=VARCHAR}
    where main_id = #{main_id,jdbcType=INTEGER}
  </update>
  
  
    <update id="updateByCountAccess" parameterType="com.wang.pojo.Main_table" >
    
    update main_table
    set  
      main_access =main_access+1
    where main_title = #{main_title,jdbcType=VARCHAR}
  </update>
  
  <!-- delete 删除 -->
  
   <delete id="deleteByPrimaryKeyID" parameterType="java.lang.Integer" >
   
    delete from main_table
    where main_id = #{main_id,jdbcType=INTEGER}
  </delete>
  
  
  
  
  
  
  
  
</mapper>

