<?xml version="1.0" encoding="UTF-8" ?>
<!DOCTYPE mapper PUBLIC "-//mybatis.org//DTD Mapper 3.0//EN" "http://mybatis.org/dtd/mybatis-3-mapper.dtd" >
<mapper namespace="com.wang.dao.OrderTableDao" >
  <resultMap id="BaseResultMap" type="com.wang.pojo.Order_table" >
   
    <id column="id" property="id" jdbcType="INTEGER" />
    <result column="order_number" property="order_number" jdbcType="VARCHAR" />
    <result column="comm_name" property="comm_name" jdbcType="VARCHAR" />
    <result column="image1" property="image1" jdbcType="VARCHAR" />
    <result column="count" property="count" jdbcType="INTEGER" />
    <result column="price" property="price" jdbcType="DOUBLE" />
    <result column="state" property="state" jdbcType="VARCHAR" />
    <result column="username" property="username" jdbcType="VARCHAR" />
     
    <result column="address" property="address" jdbcType="VARCHAR" />
    
  </resultMap>
  
 
  <sql id="Base_Column_List" >
    
    id, order_number, comm_name,image1,count, price, state, username, address
  </sql>
  <!-- 模糊查询 -->
  <select id="selectByNameOrder_table" resultType="com.wang.pojo.Order_table" parameterType="String" >

    select
     <include refid="Base_Column_List" />
    from order_table
    where username like '%' #{username} '%'
   
  </select>
  <!-- 
  查所有
   -->
    <select id="selectAllOrder_table" resultType="com.wang.pojo.Order_table">

    select
    <include refid="Base_Column_List" />
    from order_table 
  </select>
  <select id="selectByOrder_tableId" resultMap="BaseResultMap" parameterType="java.lang.Integer" >
  
    select 
    <include refid="Base_Column_List" />
    from order_table
    where id = #{id,jdbcType=INTEGER}
  </select>
   
  <!-- 删除 -->
  <delete id="deleteByOrder_table" parameterType="java.lang.Integer" >
   
    delete from order_table
    where id = #{id,jdbcType=INTEGER}
  </delete>
 
   <!-- 批量删除 -->
  <delete id="delete_ByOrder_tableAll_Ids" parameterType="java.lang.String">
    delete from order_table where id in
  <foreach item="id" collection="array" index="no" open="(" separator="," close=")">
  #{id}
  </foreach>
  </delete>
  
 
  <insert id="insertOrder_table" parameterType="com.wang.pojo.Order_table" >
  
    insert into order_table (order_number, comm_name, 
    image1,
      count, price, state, 
      username, address
      )
    values (
     #{order_number,jdbcType=VARCHAR}, 
    #{comm_name,jdbcType=VARCHAR}, 
     #{image1,jdbcType=VARCHAR}, 
      #{count,jdbcType=INTEGER}, 
      #{price,jdbcType=DOUBLE},
       #{state,jdbcType=VARCHAR}, 
      #{username,jdbcType=VARCHAR},
      
        #{address,jdbcType=VARCHAR}
      
      )
  </insert>
  <insert id="insertOrder_table2" parameterType="com.wang.pojo.Order_table" >
  
    insert into order_table
    <trim prefix="(" suffix=")" suffixOverrides="," >
      <if test="id != null" >
        id,
      </if>
      <if test="order_number != null" >
        order_number,
      </if>
      <if test="comm_name != null" >
        comm_name,
      </if>
        <if test="image1 != null" >
        image1,
      </if>
      <if test="count != null" >
        count,
      </if>
      <if test="price != null" >
        price,
      </if>
      <if test="state != null" >
        state,
      </if>
      <if test="username != null" >
        username,
      </if>
       <if test="address != null" >
        address,
      </if>
       
    </trim>
    <trim prefix="values (" suffix=")" suffixOverrides="," >
      <if test="id != null" >
        #{id,jdbcType=INTEGER},
      </if>
      <if test="order_number != null" >
        #{order_number,jdbcType=VARCHAR},
      </if>
      <if test="comm_name != null" >
        #{comm_name,jdbcType=VARCHAR},
      </if>
        <if test="image1 != null" >
        #{image1,jdbcType=VARCHAR},
      </if>
      <if test="count != null" >
        #{count,jdbcType=INTEGER},
      </if>
      <if test="price != null" >
        #{price,jdbcType=DOUBLE},
      </if>
      <if test="state != null" >
        #{state,jdbcType=VARCHAR},
      </if>
      <if test="username != null" >
        #{username,jdbcType=VARCHAR},
      </if>
      
      <if test="address != null" >
        #{address,jdbcType=VARCHAR},
      </if>
       
    </trim>
  </insert>
  <select id="countOrder_table" resultType="java.lang.Integer" >
  
    select count(*) from order_table
  
  </select>
   <select id="countOrder_table_ByName" parameterType="String" resultType="java.lang.Integer" >
  
    select count(*) from order_table where username= #{username,jdbcType=VARCHAR}
  
  </select>
  
  <update id="updateOrder_table" parameterType="com.wang.pojo.Order_table">
  update order_table set state=#{state,jdbcType=VARCHAR} where id=#{id}
  </update>

<update id="updateOrder_table_buNumber" parameterType="com.wang.pojo.Order_table">
  update order_table set state=#{state,jdbcType=VARCHAR} where order_number=#{order_number}
  </update>

</mapper>