<?xml version="1.0" encoding="UTF-8"?>
<!DOCTYPE mapper PUBLIC "-//mybatis.org//DTD Mapper 3.0//EN" "http://mybatis.org/dtd/mybatis-3-mapper.dtd">
<mapper namespace="com.wang.dao.Register_TableDao">
 <resultMap id="BaseResultMap" type="com.wang.pojo.Register_table" >
   
    <id column="id" property="id" jdbcType="INTEGER" />
    <result column="nickname" property="nickname" jdbcType="VARCHAR" />
    <result column="username" property="username" jdbcType="VARCHAR" />
    <result column="password" property="password" jdbcType="VARCHAR" />
    <result column="sex" property="sex" jdbcType="VARCHAR" />
    <result column="time" property="time" jdbcType="VARCHAR" />
    <result column="headimage" property="headimage" jdbcType="LONGVARCHAR" />
  </resultMap>
  
  
  <resultMap type="com.wang.pojo.Register_table" id="Register_AddressMap">
  <id column="id" property="id" />
  <result column="nickname" property="nickname"/>
  <result column="username" property="username"/>
  <result column="password" property="password"/>
  <result column="sex" property="sex"/>
  <result column="time" property="time"/>
  <result column="headimage" property="headimage"/>
   <collection property="address_table" ofType="com.wang.pojo.Address_table">
   <id column="address_id" property="address_id"/>
   <result property="address_name" column="address_name"/>
   <result property="address_content" column="address_content"/>
   <result property="phone" column="phone"/>
   <result property="address_time" column="address_time"/>
   <result property="username" column="username"/>
   </collection>
  </resultMap>
  

  <sql id="Base_Column_List" >
   
    id, nickname, username, password, sex, time, headimage
  </sql>
  <!-- 
  用户对应地址
   -->
  <select id="Selectregister_address_table" parameterType="java.lang.String" resultMap="Register_AddressMap">
  select *
  from register_table r,address_table a 
  where r.username=a.username
  and r.username=#{username}
  
  </select>
   
 <!-- 登录 -->
  <select id="selectREgister_Username_Password" resultMap="BaseResultMap" parameterType="com.wang.pojo.Register_table" >
   
    select 
    <include refid="Base_Column_List" />
    from register_table 
    where username=#{username,jdbcType=VARCHAR} 
    and password=#{password,jdbcType=VARCHAR}
   
  </select>
   <select id="selectR_Username_Weixin" resultMap="BaseResultMap" parameterType="com.wang.pojo.Register_table">
   
    select 
    <include refid="Base_Column_List" />
    from register_table 
    where username=#{username,jdbcType=VARCHAR} 
   
   
  </select>
  
  <!--  查是否有相同的-->
  <select id="selectR_Username" resultType="java.lang.Integer" parameterType="String" >
   
    select 
    count(*)
    from register_table 
    where username=#{username,jdbcType=VARCHAR} 
   
   
  </select>
   <!--  查是否有相同的-->
  <select id="selectR_Username_Service2" resultType="String" parameterType="String" >
   
    select 
    username
    from register_table 
    where username=#{username,jdbcType=VARCHAR} 
   
   
  </select>
   
  
  <select id="selectRegisterAll" resultType="com.wang.pojo.Register_table">
  select  
  <include refid="Base_Column_List" />
  from register_table
  </select>
  
  <select id="selectByRegisterId" resultMap="BaseResultMap" parameterType="java.lang.Integer" >
  
    select 
    <include refid="Base_Column_List" />
   
    from register_table
    where id = #{id,jdbcType=INTEGER}
  </select>
  
  
  <delete id="deleteRegister_table" parameterType="java.lang.Integer" >
  
    delete from register_table
    where id = #{id,jdbcType=INTEGER}
  </delete>
  
  <!-- 
  批量删除
   -->
  <delete id="deleteAllChexBoxMap" parameterType="java.lang.String">
  delete from register_table where id in
  <foreach item="id" collection="array" index="no" open="(" separator="," close=")">
  #{id}
  </foreach>
  </delete>
  
 
  <insert id="insertREgister" parameterType="com.wang.pojo.Register_table" >
    
    insert into register_table (username, 
      password,sex, time)
    values ( 
    #{username,jdbcType=VARCHAR}, 
      #{password,jdbcType=VARCHAR},
      #{sex,jdbcType=VARCHAR},
       #{time,jdbcType=VARCHAR}
      )
  </insert>
  
   <insert id="insertREgisterOneby" parameterType="com.wang.pojo.Register_table" >
    
    insert into register_table (username, 
      password, time)
    values ( 
    #{username,jdbcType=VARCHAR}, 
      #{password,jdbcType=VARCHAR},
     
       #{time,jdbcType=VARCHAR}
      )
  </insert>
  <insert id="insertSQLRegister_table" parameterType="com.wang.pojo.Register_table" >
  
    insert into register_table
    <trim prefix="(" suffix=")" suffixOverrides="," >
    
      <if test="nickname != null" >
        nickname,
      </if>
      <if test="username != null" >
        username,
      </if>
      <if test="password != null" >
        password,
      </if>
      
      <if test="time != null" >
        time,
      </if>
       
    </trim>
    <trim prefix="values (" suffix=")" suffixOverrides="," >
      
      <if test="nickname != null" >
        #{nickname,jdbcType=VARCHAR},
      </if>
      <if test="username != null" >
        #{username,jdbcType=VARCHAR},
      </if>
      <if test="password != null" >
        #{password,jdbcType=VARCHAR},
      </if>
     
      <if test="time != null" >
        #{time,jdbcType=VARCHAR},
      </if> 
    </trim>
  </insert>
  <select id="countRegister_table" parameterType="com.wang.pojo.Register_table" resultType="java.lang.Integer" >
   
    select count(*) from register_table
    
  </select>
  
 

  <update id="updateSQLRegister_table5" parameterType="com.wang.pojo.Register_table" >
  
    update register_table
    <set >
      <if test="nickname != null" >
        nickname = #{nickname,jdbcType=VARCHAR},
      </if>
      <if test="username != null" >
        username = #{username,jdbcType=VARCHAR},
      </if>
      <if test="password != null" >
        password = #{password,jdbcType=VARCHAR},
      </if>
      <if test="sex != null" >
        sex = #{sex,jdbcType=VARCHAR},
      </if>
      <if test="time != null" >
        time = #{time,jdbcType=VARCHAR},
      </if>
      <if test="headimage != null" >
        headimage = #{headimage,jdbcType=LONGVARCHAR},
      </if>
    </set>
    where id = #{id,jdbcType=INTEGER}
  </update>
  <update id="updateRegister_table5" parameterType="com.wang.pojo.Register_table" >
   
    update register_table
    set nickname = #{nickname,jdbcType=VARCHAR},
     
      sex = #{sex,jdbcType=VARCHAR},
     
      headimage = #{headimage,jdbcType=LONGVARCHAR}
    where id = #{id,jdbcType=INTEGER}
  </update>
 
<!--
将微信id
设置到账号
  -->
<update id="updateRegister_table_WeixinLogin" parameterType="com.wang.pojo.Register_table" >
   
    update register_table
    set  
    username = #{username,jdbcType=LONGVARCHAR}
    where id = #{id,jdbcType=INTEGER}
  </update>

</mapper>