<?xml version="1.0" encoding="UTF-8"?>
<!DOCTYPE mapper PUBLIC "-//mybatis.org//DTD Mapper 3.0//EN" "http://mybatis.org/dtd/mybatis-3-mapper.dtd">
<mapper namespace="com.wang.dao.Weixin_tableDao">
	<resultMap id="BaseResultMap" type="com.wang.pojo.Weixin_table" >
    <id column="id" property="id" jdbcType="INTEGER" />
    <result column="openid" property="openid" jdbcType="VARCHAR" />
  </resultMap>

  <sql id="Base_Column_List" >
    id, openid
  </sql>
  <select id="selectALLOpenid" resultType="com.wang.pojo.Weixin_table" >
    select
  	 <include refid="Base_Column_List" />
  	 
    from weixin_table  where openid= #{openid,jdbcType=VARCHAR}
  
  </select>
  <select id="selectGetNameOpenidCount" resultMap="BaseResultMap" parameterType="String" >
    select 
    <include refid="Base_Column_List" />
    from weixin_table
    where openid= #{openid,jdbcType=INTEGER}
  </select>
  <delete id="deleteopenid" parameterType="java.lang.Integer" >
    delete from weixin_table
    where id = #{id,jdbcType=INTEGER}
  </delete>
 
  <insert id="insertOpendids" parameterType="com.wang.pojo.Weixin_table" >
    insert into weixin_table (openid)
    values (#{openid,jdbcType=VARCHAR})
  </insert>
  
  <select id="countByExample" parameterType="com.wang.pojo.Weixin_table" resultType="java.lang.Integer" >
    select count(*) from weixin_table
   
  </select>
 

  
  <update id="updateByPrimaryKey" parameterType="com.wang.pojo.Weixin_table" >
    update weixin_table
    set openid = #{openid,jdbcType=VARCHAR}
    where id = #{id,jdbcType=INTEGER}
  </update>
	
</mapper>